PropertyCategory3,Day,Count3
Boat,Friday,1
Dwelling,Friday,124
Road Vehicle,Friday,18
Road Vehicle,Friday,18
Dwelling,Friday,128
Other Residential,Friday,18
Other Residential,Friday,18
Dwelling,Friday,131
Outdoor,Friday,17
Other Residential,Friday,17
Outdoor,Friday,17
Road Vehicle,Friday,17
Outdoor,Friday,17
Other Residential,Friday,17
Road Vehicle,Friday,17
Road Vehicle,Friday,17
Road Vehicle,Friday,17
Outdoor,Friday,17
Dwelling,Friday,139
Other Residential,Friday,17
Dwelling,Friday,139
Dwelling,Friday,140
Other Residential,Friday,17
Dwelling,Friday,141
Road Vehicle,Friday,18
Other Residential,Friday,18
Dwelling,Friday,121
Outdoor,Friday,18
Other Residential,Friday,20
Non Residential,Friday,80
Outdoor Structure,Friday,20
Road Vehicle,Friday,20
Outdoor,Friday,19
Other Residential,Friday,19
Outdoor Structure,Friday,19
Non Residential,Friday,83
Non Residential,Friday,84
Road Vehicle,Friday,19
Other Residential,Friday,19
Other Residential,Friday,17
Road Vehicle,Friday,19
Road Vehicle,Friday,19
Outdoor,Friday,19
Other Residential,Friday,19
Outdoor,Friday,18
Non Residential,Friday,96
Non Residential,Friday,97
Road Vehicle,Friday,18
Road Vehicle,Friday,18
Outdoor,Friday,18
Other Residential,Friday,18
Road Vehicle,Friday,18
Road Vehicle,Friday,19
Other Residential,Friday,20
Outdoor Structure,Friday,16
Dwelling,Friday,145
Dwelling,Friday,156
Road Vehicle,Friday,14
Outdoor Structure,Friday,14
Road Vehicle,Friday,14
Dwelling,Friday,158
Road Vehicle,Friday,14
Dwelling,Friday,158
Other Residential,Friday,14
Road Vehicle,Friday,14
Dwelling,Friday,159
Dwelling,Friday,159
Outdoor Structure,Friday,14
Other Residential,Friday,14
Road Vehicle,Friday,14
Outdoor Structure,Friday,14
Outdoor,Friday,14
Outdoor,Friday,14
Other Residential,Friday,13
Outdoor Structure,Friday,13
Outdoor Structure,Friday,13
Other Residential,Friday,13
Other Residential,Friday,13
Other Residential,Friday,13
Outdoor,Friday,14
Outdoor,Friday,14
Outdoor,Friday,15
Outdoor,Friday,15
Dwelling,Friday,145
Other Residential,Friday,16
Outdoor Structure,Friday,16
Outdoor,Friday,16
Outdoor Structure,Friday,16
Other Residential,Friday,16
Road Vehicle,Friday,16
Other Residential,Friday,16
Outdoor Structure,Friday,16
Dwelling,Friday,148
Outdoor,Friday,16
Road Vehicle,Friday,16
Outdoor,Friday,16
Outdoor Structure,Friday,15
Outdoor,Friday,15
Road Vehicle,Friday,15
Other Residential,Friday,15
Outdoor,Friday,15
Other Residential,Friday,15
Outdoor Structure,Friday,15
Outdoor,Friday,15
Dwelling,Friday,153
Other Residential,Friday,15
Other Residential,Friday,15
Other Residential,Friday,15
Non Residential,Friday,79
Road Vehicle,Friday,20
Road Vehicle,Friday,20
Non Residential,Friday,62
Non Residential,Friday,62
Non Residential,Friday,62
Outdoor,Friday,33
Outdoor,Friday,33
Road Vehicle,Friday,32
Non Residential,Friday,63
Outdoor,Friday,31
Outdoor Structure,Friday,30
Other Residential,Friday,29
Road Vehicle,Friday,28
Road Vehicle,Friday,28
Road Vehicle,Friday,28
Road Vehicle,Friday,28
Road Vehicle,Friday,28
Road Vehicle,Friday,28
Non Residential,Friday,65
Non Residential,Friday,65
Non Residential,Friday,65
Non Residential,Friday,27
Outdoor,Friday,27
Outdoor,Friday,26
Road Vehicle,Friday,26
Outdoor,Friday,33
Outdoor,Friday,38
Non Residential,Friday,38
Outdoor,Friday,39
Non Residential,Friday,56
Non Residential,Friday,53
Non Residential,Friday,53
Non Residential,Friday,51
Non Residential,Friday,50
Non Residential,Friday,50
Non Residential,Friday,58
Non Residential,Friday,48
Non Residential,Friday,58
Non Residential,Friday,58
Non Residential,Friday,47
Road Vehicle,Friday,26
Non Residential,Friday,46
Non Residential,Friday,43
Outdoor,Friday,43
Non Residential,Friday,60
Non Residential,Friday,60
Road Vehicle,Friday,42
Outdoor,Friday,41
Non Residential,Friday,40
Non Residential,Friday,40
Outdoor,Friday,40
Outdoor Structure,Friday,39
Non Residential,Friday,61
Non Residential,Friday,44
Non Residential,Friday,66
Non Residential,Friday,66
Road Vehicle,Friday,26
Non Residential,Friday,72
Road Vehicle,Friday,22
Outdoor,Friday,22
Non Residential,Friday,73
Non Residential,Friday,74
Non Residential,Friday,74
Road Vehicle,Friday,22
Other Residential,Friday,21
Non Residential,Friday,74
Non Residential,Friday,75
Outdoor,Friday,21
Non Residential,Friday,72
Non Residential,Friday,75
Non Residential,Friday,75
Road Vehicle,Friday,21
Other Residential,Friday,21
Outdoor Structure,Friday,21
Road Vehicle,Friday,21
Non Residential,Friday,76
Road Vehicle,Friday,21
Road Vehicle,Friday,21
Other Residential,Friday,20
Other Residential,Friday,20
Outdoor Structure,Friday,20
Non Residential,Friday,75
Dwelling,Friday,162
Non Residential,Friday,72
Road Vehicle,Friday,23
Non Residential,Friday,66
Road Vehicle,Friday,26
Outdoor,Friday,25
Outdoor Structure,Friday,25
Outdoor,Friday,25
Outdoor,Friday,25
Outdoor,Friday,25
Road Vehicle,Friday,24
Road Vehicle,Friday,24
Non Residential,Friday,68
Outdoor,Friday,24
Outdoor,Friday,22
Other Residential,Friday,24
Road Vehicle,Friday,24
Road Vehicle,Friday,24
Other Residential,Friday,24
Non Residential,Friday,70
Road Vehicle,Friday,23
Non Residential,Friday,70
Outdoor,Friday,23
Other Residential,Friday,23
Outdoor,Friday,23
Outdoor,Friday,23
Outdoor,Friday,71
Other Residential,Friday,24
Outdoor Structure,Friday,13
Outdoor,Friday,16
Outdoor Structure,Friday,9
Outdoor Structure,Friday,9
Outdoor Structure,Friday,9
Dwelling,Friday,180
Outdoor Structure,Friday,9
Outdoor,Friday,9
Dwelling,Friday,182
Outdoor,Friday,9
Outdoor Structure,Friday,9
Other Residential,Friday,9
Dwelling,Friday,183
Other Residential,Friday,8
Outdoor Structure,Friday,8
Dwelling,Friday,184
Other Residential,Friday,8
Other Residential,Friday,8
Other Residential,Friday,8
Outdoor Structure,Friday,8
Outdoor Structure,Friday,7
Outdoor Structure,Friday,8
Outdoor,Friday,9
Other Residential,Friday,9
Outdoor,Friday,9
Dwelling,Friday,172
Dwelling,Friday,173
Other Residential,Friday,11
Outdoor Structure,Friday,11
Other Residential,Friday,11
Dwelling,Friday,174
Outdoor Structure,Friday,11
Dwelling,Friday,174
Dwelling,Friday,175
Outdoor Structure,Friday,10
Outdoor Structure,Friday,10
Outdoor,Friday,10
Dwelling,Friday,176
Outdoor Structure,Friday,10
Other Residential,Friday,10
Dwelling,Friday,178
Other Residential,Friday,10
Other Residential,Friday,10
Dwelling,Friday,179
Outdoor Structure,Friday,7
Outdoor Structure,Friday,7
Outdoor Structure,Friday,7
Dwelling,Friday,187
Rail Vehicle,Friday,1
Rail Vehicle,Friday,1
Rail Vehicle,Friday,1
Rail Vehicle,Friday,1
Dwelling,Friday,205
Rail Vehicle,Friday,1
Dwelling,Friday,209
Boat,Friday,1
Aircraft,Friday,1
Dwelling,Friday,226
Rail Vehicle,Friday,1
Rail Vehicle,Friday,1
Dwelling,Friday,239
Aircraft,Friday,1
Aircraft,Friday,1
Rail Vehicle,Friday,1
Aircraft,Friday,1
Rail Vehicle,Friday,1
Dwelling,Friday,337
Dwelling,Friday,201
Dwelling,Friday,172
Boat,Friday,1
Boat,Friday,1
Dwelling,Friday,188
Outdoor Structure,Friday,7
Outdoor Structure,Friday,7
Other Residential,Friday,6
Outdoor Structure,Friday,6
Outdoor Structure,Friday,6
Dwelling,Friday,189
Outdoor Structure,Friday,6
Outdoor Structure,Friday,6
Outdoor Structure,Friday,6
Dwelling,Friday,192
Outdoor Structure,Friday,6
Dwelling,Friday,193
Outdoor Structure,Friday,4
Outdoor Structure,Friday,4
Dwelling,Friday,196
Dwelling,Friday,196
Outdoor Structure,Friday,4
Dwelling,Friday,197
Rail Vehicle,Friday,1
Outdoor Structure,Friday,11
Non Residential,Friday,54
Road Vehicle,Friday,12
Outdoor Structure,Friday,13
Dwelling,Friday,169
Outdoor,Friday,13
Other Residential,Friday,12
Other Residential,Friday,13
Dwelling,Friday,166
Road Vehicle,Friday,12
Outdoor Structure,Friday,11
Outdoor,Friday,13
Outdoor Structure,Friday,11
Dwelling,Friday,164
Road Vehicle,Friday,12
Other Residential,Friday,12
Dwelling,Friday,167
Dwelling,Friday,167
Dwelling,Friday,168
Outdoor Structure,Friday,11
Road Vehicle,Friday,11
Dwelling,Friday,168
Dwelling,Friday,164
Outdoor Structure,Friday,11
Other Residential,Friday,12
Outdoor,Friday,12
Outdoor Structure,Monday,12
Other Residential,Monday,26
Outdoor,Monday,28
Outdoor,Monday,4
Outdoor Structure,Monday,4
Outdoor,Monday,14
Outdoor Structure,Monday,4
Outdoor Structure,Monday,12
Other Residential,Monday,12
Other Residential,Monday,12
Outdoor,Monday,26
Outdoor Structure,Monday,4
Other Residential,Monday,14
Outdoor,Monday,27
Outdoor Structure,Monday,5
Road Vehicle,Monday,26
Outdoor Structure,Monday,4
Road Vehicle,Monday,27
Road Vehicle,Monday,27
Outdoor Structure,Monday,5
Outdoor Structure,Monday,25
Outdoor,Monday,25
Outdoor Structure,Monday,23
Other Residential,Monday,15
Outdoor,Monday,15
Other Residential,Monday,12
Outdoor Structure,Monday,7
Outdoor Structure,Monday,12
Road Vehicle,Monday,23
Other Residential,Monday,23
Outdoor Structure,Monday,7
Outdoor Structure,Monday,7
Road Vehicle,Monday,15
Outdoor,Monday,23
Road Vehicle,Monday,12
Outdoor,Monday,12
Outdoor,Monday,24
Other Residential,Monday,14
Road Vehicle,Monday,24
Outdoor,Monday,12
Outdoor Structure,Monday,6
Outdoor,Monday,14
Road Vehicle,Monday,24
Outdoor Structure,Monday,6
Outdoor Structure,Monday,25
Outdoor Structure,Monday,2
Other Residential,Monday,14
Road Vehicle,Monday,12
Outdoor,Monday,25
Road Vehicle,Monday,25
Road Vehicle,Monday,14
Rail Vehicle,Monday,2
Outdoor,Monday,16
Road Vehicle,Monday,28
Outdoor Structure,Monday,14
Outdoor,Monday,13
Aircraft,Monday,1
Non Residential,Monday,43
Rail Vehicle,Monday,1
Non Residential,Monday,45
Non Residential,Monday,45
Non Residential,Monday,46
Non Residential,Monday,46
Non Residential,Monday,47
Other Residential,Monday,13
Boat,Monday,1
Other Residential,Monday,13
Road Vehicle,Monday,13
Outdoor,Monday,48
Non Residential,Monday,49
Non Residential,Monday,49
Road Vehicle,Monday,13
Non Residential,Monday,50
Non Residential,Monday,51
Other Residential,Monday,13
Outdoor,Monday,13
Non Residential,Monday,53
Non Residential,Monday,53
Road Vehicle,Monday,13
Aircraft,Monday,1
Non Residential,Monday,53
Non Residential,Monday,43
Rail Vehicle,Monday,1
Road Vehicle,Monday,42
Rail Vehicle,Monday,1
Rail Vehicle,Monday,2
Road Vehicle,Monday,14
Boat,Monday,1
Road Vehicle,Monday,22
Road Vehicle,Monday,12
Road Vehicle,Monday,29
Boat,Monday,1
Outdoor,Monday,30
Rail Vehicle,Monday,1
Road Vehicle,Monday,32
Rail Vehicle,Monday,1
Road Vehicle,Monday,13
Rail Vehicle,Monday,1
Outdoor,Monday,28
Rail Vehicle,Monday,1
Outdoor,Monday,13
Rail Vehicle,Monday,1
Outdoor,Monday,34
Outdoor,Monday,34
Outdoor,Monday,35
Outdoor,Monday,14
Rail Vehicle,Monday,1
Rail Vehicle,Monday,1
Boat,Monday,1
Road Vehicle,Monday,14
Outdoor,Monday,40
Boat,Monday,1
Rail Vehicle,Monday,1
Outdoor Structure,Monday,13
Outdoor Structure,Monday,8
Other Residential,Monday,22
Outdoor Structure,Monday,15
Other Residential,Monday,17
Outdoor Structure,Monday,11
Outdoor Structure,Monday,16
Other Residential,Monday,16
Road Vehicle,Monday,10
Road Vehicle,Monday,10
Other Residential,Monday,18
Other Residential,Monday,18
Outdoor,Monday,18
Road Vehicle,Monday,16
Other Residential,Monday,18
Outdoor Structure,Monday,10
Other Residential,Monday,11
Road Vehicle,Monday,11
Other Residential,Monday,10
Other Residential,Monday,18
Outdoor,Monday,10
Road Vehicle,Monday,10
Road Vehicle,Monday,10
Other Residential,Monday,18
Outdoor Structure,Monday,18
Outdoor,Monday,10
Other Residential,Monday,10
Road Vehicle,Monday,18
Other Residential,Monday,10
Other Residential,Monday,10
Other Residential,Monday,10
Outdoor Structure,Monday,10
Outdoor Structure,Monday,10
Outdoor,Monday,19
Outdoor,Monday,11
Road Vehicle,Monday,17
Other Residential,Monday,16
Road Vehicle,Monday,16
Outdoor Structure,Monday,17
Outdoor,Monday,17
Other Residential,Monday,11
Outdoor,Monday,11
Road Vehicle,Monday,17
Outdoor,Monday,17
Other Residential,Monday,16
Other Residential,Monday,16
Other Residential,Monday,17
Road Vehicle,Monday,17
Road Vehicle,Monday,17
Other Residential,Monday,11
Other Residential,Monday,16
Other Residential,Monday,17
Outdoor Structure,Monday,17
Other Residential,Monday,11
Outdoor Structure,Monday,11
Outdoor Structure,Monday,17
Outdoor Structure,Monday,17
Other Residential,Monday,17
Outdoor Structure,Monday,11
Outdoor,Monday,17
Other Residential,Monday,16
Other Residential,Monday,16
Outdoor,Monday,17
Outdoor Structure,Monday,11
Road Vehicle,Monday,11
Outdoor Structure,Monday,8
Outdoor Structure,Monday,16
Other Residential,Monday,19
Road Vehicle,Monday,15
Road Vehicle,Monday,9
Outdoor,Monday,9
Outdoor,Monday,15
Outdoor,Monday,21
Outdoor,Monday,9
Outdoor Structure,Monday,12
Outdoor,Monday,9
Outdoor Structure,Monday,9
Road Vehicle,Monday,21
Outdoor,Monday,21
Other Residential,Monday,15
Road Vehicle,Monday,12
Other Residential,Monday,9
Other Residential,Monday,12
Other Residential,Monday,8
Outdoor Structure,Monday,8
Road Vehicle,Monday,22
Road Vehicle,Monday,22
Outdoor Structure,Monday,12
Outdoor Structure,Monday,8
Outdoor,Monday,22
Outdoor,Monday,22
Road Vehicle,Monday,15
Outdoor,Monday,11
Other Residential,Monday,22
Outdoor,Monday,12
Other Residential,Monday,22
Road Vehicle,Monday,22
Outdoor,Monday,19
Road Vehicle,Monday,20
Outdoor Structure,Monday,9
Outdoor Structure,Monday,10
Outdoor Structure,Monday,10
Other Residential,Monday,19
Road Vehicle,Monday,19
Other Residential,Monday,19
Outdoor Structure,Monday,9
Outdoor Structure,Monday,19
Outdoor,Monday,19
Outdoor Structure,Monday,11
Other Residential,Monday,19
Road Vehicle,Monday,19
Other Residential,Monday,19
Non Residential,Monday,53
Outdoor,Monday,20
Other Residential,Monday,12
Road Vehicle,Monday,16
Outdoor Structure,Monday,9
Road Vehicle,Monday,20
Outdoor,Monday,12
Other Residential,Monday,20
Outdoor Structure,Monday,15
Road Vehicle,Monday,15
Other Residential,Monday,9
Outdoor Structure,Monday,15
Road Vehicle,Monday,20
Outdoor Structure,Monday,9
Outdoor,Monday,20
Road Vehicle,Monday,20
Outdoor,Monday,13
Outdoor,Monday,13
Dwelling,Monday,807
Dwelling,Monday,156
Non Residential,Monday,92
Non Residential,Monday,64
Dwelling,Monday,166
Non Residential,Monday,65
Non Residential,Monday,88
Non Residential,Monday,88
Non Residential,Monday,88
Non Residential,Monday,87
Dwelling,Monday,165
Non Residential,Monday,83
Dwelling,Monday,189
Dwelling,Monday,148
Non Residential,Monday,81
Dwelling,Monday,148
Dwelling,Monday,192
Dwelling,Monday,173
Dwelling,Monday,192
Non Residential,Monday,80
Dwelling,Monday,196
Dwelling,Monday,196
Dwelling,Monday,164
Dwelling,Monday,142
Dwelling,Monday,163
Non Residential,Monday,64
Dwelling,Monday,168
Dwelling,Monday,133
Dwelling,Monday,175
Dwelling,Monday,175
Dwelling,Monday,171
Dwelling,Monday,130
Dwelling,Monday,128
Non Residential,Monday,60
Dwelling,Monday,128
Dwelling,Monday,177
Dwelling,Monday,171
Dwelling,Monday,177
Dwelling,Monday,177
Dwelling,Monday,141
Dwelling,Monday,141
Dwelling,Monday,170
Dwelling,Monday,141
Non Residential,Monday,59
Dwelling,Monday,122
Dwelling,Monday,168
Dwelling,Monday,113
Dwelling,Monday,99
Dwelling,Monday,180
Dwelling,Monday,163
Non Residential,Monday,80
Non Residential,Monday,57
Dwelling,Monday,151
Non Residential,Monday,73
Non Residential,Monday,72
Non Residential,Monday,72
Dwelling,Monday,160
Dwelling,Monday,160
Non Residential,Monday,71
Non Residential,Monday,71
Dwelling,Monday,152
Non Residential,Monday,69
Dwelling,Monday,152
Dwelling,Monday,160
Dwelling,Monday,159
Non Residential,Monday,56
Non Residential,Monday,69
Non Residential,Monday,63
Non Residential,Monday,69
Non Residential,Monday,69
Non Residential,Monday,68
Dwelling,Monday,158
Dwelling,Monday,154
Non Residential,Monday,74
Dwelling,Monday,206
Dwelling,Monday,137
Non Residential,Monday,74
Non Residential,Monday,77
Dwelling,Monday,197
Dwelling,Monday,161
Dwelling,Monday,149
Non Residential,Monday,162
Non Residential,Monday,55
Non Residential,Monday,67
Non Residential,Monday,67
Non Residential,Monday,79
Non Residential,Monday,74
Non Residential,Monday,57
Dwelling,Monday,162
Outdoor,Saturday,17
Road Vehicle,Saturday,15
Other Residential,Saturday,15
Outdoor,Saturday,17
Other Residential,Saturday,16
Outdoor Structure,Saturday,17
Dwelling,Saturday,154
Other Residential,Saturday,17
Road Vehicle,Saturday,17
Dwelling,Saturday,148
Dwelling,Saturday,137
Road Vehicle,Saturday,15
Outdoor Structure,Saturday,16
Outdoor,Saturday,15
Dwelling,Saturday,146
Dwelling,Saturday,150
Road Vehicle,Saturday,16
Outdoor Structure,Saturday,16
Outdoor,Saturday,15
Other Residential,Saturday,16
Other Residential,Saturday,16
Other Residential,Saturday,16
Road Vehicle,Saturday,16
Road Vehicle,Saturday,16
Outdoor,Saturday,15
Other Residential,Saturday,17
Outdoor,Saturday,17
Dwelling,Saturday,149
Other Residential,Saturday,17
Road Vehicle,Saturday,16
Outdoor Structure,Saturday,16
Road Vehicle,Saturday,16
Outdoor,Saturday,17
Outdoor,Saturday,20
Outdoor Structure,Saturday,20
Road Vehicle,Saturday,20
Road Vehicle,Saturday,20
Outdoor,Saturday,20
Non Residential,Saturday,77
Other Residential,Saturday,20
Outdoor,Saturday,20
Road Vehicle,Saturday,21
Non Residential,Saturday,75
Other Residential,Saturday,21
Outdoor Structure,Saturday,21
Outdoor,Saturday,21
Other Residential,Saturday,22
Road Vehicle,Saturday,20
Outdoor,Saturday,22
Non Residential,Saturday,72
Outdoor Structure,Saturday,23
Outdoor,Saturday,23
Non Residential,Saturday,70
Road Vehicle,Saturday,23
Non Residential,Saturday,23
Road Vehicle,Saturday,24
Outdoor,Saturday,24
Other Residential,Saturday,24
Outdoor,Saturday,24
Outdoor,Saturday,24
Road Vehicle,Saturday,24
Non Residential,Saturday,68
Other Residential,Saturday,25
Road Vehicle,Saturday,22
Road Vehicle,Saturday,17
Outdoor,Saturday,20
Outdoor,Saturday,19
Other Residential,Saturday,17
Other Residential,Saturday,17
Outdoor,Saturday,17
Other Residential,Saturday,17
Other Residential,Saturday,17
Other Residential,Saturday,18
Other Residential,Saturday,18
Road Vehicle,Saturday,18
Outdoor Structure,Saturday,18
Other Residential,Saturday,18
Outdoor Structure,Saturday,18
Other Residential,Saturday,18
Road Vehicle,Saturday,18
Other Residential,Saturday,14
Outdoor,Saturday,19
Other Residential,Saturday,18
Outdoor,Saturday,18
Outdoor,Saturday,18
Outdoor Structure,Saturday,18
Road Vehicle,Saturday,18
Road Vehicle,Saturday,18
Road Vehicle,Saturday,18
Other Residential,Saturday,18
Outdoor,Saturday,18
Other Residential,Saturday,19
Outdoor,Saturday,19
Other Residential,Saturday,19
Outdoor Structure,Saturday,19
Other Residential,Saturday,19
Road Vehicle,Saturday,19
Dwelling,Saturday,120
Other Residential,Saturday,18
Outdoor,Saturday,14
Outdoor Structure,Saturday,14
Outdoor Structure,Saturday,5
Outdoor Structure,Saturday,5
Dwelling,Saturday,193
Dwelling,Saturday,193
Dwelling,Saturday,196
Outdoor Structure,Saturday,3
Outdoor Structure,Saturday,6
Outdoor Structure,Saturday,3
Boat,Saturday,2
Aircraft,Saturday,2
Rail Vehicle,Saturday,2
Rail Vehicle,Saturday,1
Dwelling,Saturday,198
Rail Vehicle,Saturday,1
Rail Vehicle,Saturday,3
Road Vehicle,Saturday,6
Outdoor Structure,Saturday,7
Other Residential,Saturday,7
Dwelling,Saturday,182
Outdoor Structure,Saturday,8
Outdoor Structure,Saturday,8
Dwelling,Saturday,183
Outdoor Structure,Saturday,8
Dwelling,Saturday,184
Dwelling,Saturday,185
Other Residential,Saturday,8
Outdoor,Saturday,8
Dwelling,Saturday,186
Outdoor Structure,Saturday,7
Dwelling,Saturday,186
Outdoor,Saturday,7
Dwelling,Saturday,187
Outdoor Structure,Saturday,7
Rail Vehicle,Saturday,1
Dwelling,Saturday,199
Boat,Saturday,1
Dwelling,Saturday,199
Dwelling,Saturday,228
Aircraft,Saturday,1
Rail Vehicle,Saturday,1
Dwelling,Saturday,251
Rail Vehicle,Saturday,1
Boat,Saturday,1
Rail Vehicle,Saturday,1
Boat,Saturday,1
Rail Vehicle,Saturday,1
Dwelling,Saturday,266
Rail Vehicle,Saturday,1
Rail Vehicle,Saturday,1
Rail Vehicle,Saturday,1
Boat,Saturday,1
Rail Vehicle,Saturday,1
Dwelling,Saturday,220
Other Residential,Saturday,9
Dwelling,Saturday,215
Boat,Saturday,1
Boat,Saturday,1
Dwelling,Saturday,199
Boat,Saturday,1
Dwelling,Saturday,201
Boat,Saturday,1
Dwelling,Saturday,201
Dwelling,Saturday,202
Dwelling,Saturday,205
Dwelling,Saturday,206
Aircraft,Saturday,1
Boat,Saturday,1
Boat,Saturday,1
Dwelling,Saturday,207
Dwelling,Saturday,208
Rail Vehicle,Saturday,1
Boat,Saturday,1
Outdoor Structure,Saturday,14
Dwelling,Saturday,182
Outdoor Structure,Saturday,9
Outdoor,Saturday,13
Dwelling,Saturday,164
Other Residential,Saturday,13
Outdoor Structure,Saturday,13
Other Residential,Saturday,13
Road Vehicle,Saturday,12
Dwelling,Saturday,164
Outdoor,Saturday,12
Outdoor Structure,Saturday,12
Outdoor Structure,Saturday,12
Outdoor Structure,Saturday,12
Dwelling,Saturday,167
Dwelling,Saturday,167
Dwelling,Saturday,168
Other Residential,Saturday,12
Outdoor,Saturday,13
Road Vehicle,Saturday,13
Other Residential,Saturday,13
Outdoor Structure,Saturday,14
Outdoor,Saturday,14
Dwelling,Saturday,158
Other Residential,Saturday,14
Outdoor,Saturday,14
Road Vehicle,Saturday,14
Other Residential,Saturday,14
Other Residential,Saturday,14
Dwelling,Saturday,160
Other Residential,Saturday,14
Road Vehicle,Saturday,25
Outdoor Structure,Saturday,13
Outdoor Structure,Saturday,13
Other Residential,Saturday,13
Road Vehicle,Saturday,13
Road Vehicle,Saturday,11
Outdoor Structure,Saturday,11
Dwelling,Saturday,168
Dwelling,Saturday,169
Other Residential,Saturday,10
Dwelling,Saturday,176
Outdoor Structure,Saturday,10
Road Vehicle,Saturday,10
Dwelling,Saturday,178
Outdoor,Saturday,10
Outdoor Structure,Saturday,10
Road Vehicle,Saturday,10
Other Residential,Saturday,10
Dwelling,Saturday,179
Outdoor Structure,Saturday,9
Other Residential,Saturday,9
Outdoor Structure,Saturday,9
Road Vehicle,Saturday,9
Dwelling,Saturday,179
Outdoor Structure,Saturday,10
Dwelling,Saturday,181
Other Residential,Saturday,10
Outdoor Structure,Saturday,10
Dwelling,Saturday,170
Outdoor Structure,Saturday,11
Outdoor,Saturday,11
Dwelling,Saturday,172
Outdoor Structure,Saturday,11
Other Residential,Saturday,11
Outdoor Structure,Saturday,11
Dwelling,Saturday,173
Other Residential,Saturday,11
Road Vehicle,Saturday,11
Other Residential,Saturday,11
Outdoor Structure,Saturday,11
Outdoor Structure,Saturday,11
Other Residential,Saturday,11
Outdoor Structure,Saturday,10
Dwelling,Saturday,175
Road Vehicle,Saturday,25
Outdoor Structure,Saturday,19
Non Residential,Saturday,33
Non Residential,Saturday,51
Non Residential,Saturday,51
Non Residential,Saturday,44
Non Residential,Saturday,59
Outdoor,Saturday,31
Road Vehicle,Saturday,31
Non Residential,Saturday,43
Non Residential,Saturday,44
Non Residential,Saturday,45
Outdoor,Saturday,31
Road Vehicle,Saturday,31
Non Residential,Saturday,57
Outdoor,Saturday,31
Outdoor,Saturday,45
Other Residential,Saturday,26
Other Residential,Saturday,26
Outdoor Structure,Saturday,25
Non Residential,Saturday,43
Outdoor Structure,Saturday,25
Non Residential,Saturday,53
Outdoor,Saturday,25
Road Vehicle,Saturday,25
Outdoor Structure,Saturday,25
Non Residential,Saturday,32
Road Vehicle,Saturday,31
Outdoor,Saturday,25
Non Residential,Saturday,32
Non Residential,Saturday,52
Non Residential,Saturday,43
Outdoor,Saturday,32
Road Vehicle,Saturday,25
Outdoor,Saturday,32
Non Residential,Saturday,32
Road Vehicle,Saturday,30
Non Residential,Saturday,50
Non Residential,Saturday,45
Outdoor Structure,Saturday,26
Non Residential,Saturday,57
Other Residential,Saturday,28
Non Residential,Saturday,47
Non Residential,Saturday,47
Road Vehicle,Saturday,28
Non Residential,Saturday,47
Non Residential,Saturday,58
Outdoor,Saturday,28
Non Residential,Saturday,48
Non Residential,Saturday,48
Outdoor,Saturday,28
Non Residential,Saturday,65
Road Vehicle,Saturday,27
Outdoor,Saturday,28
Other Residential,Saturday,28
Non Residential,Saturday,47
Road Vehicle,Saturday,28
Road Vehicle,Saturday,30
Non Residential,Saturday,46
Road Vehicle,Saturday,30
Outdoor,Saturday,59
Non Residential,Saturday,64
Non Residential,Saturday,46
Non Residential,Saturday,57
Road Vehicle,Saturday,30
Non Residential,Saturday,58
Outdoor,Saturday,30
Road Vehicle,Saturday,29
Outdoor Structure,Saturday,29
Non Residential,Saturday,29
Outdoor,Saturday,29
Non Residential,Saturday,38
Outdoor,Saturday,42
Non Residential,Saturday,53
Non Residential,Saturday,65
Outdoor,Saturday,25
Road Vehicle,Saturday,34
Non Residential,Saturday,57
Road Vehicle,Saturday,25
Non Residential,Saturday,57
Outdoor,Saturday,38
Non Residential,Saturday,37
Non Residential,Saturday,36
Non Residential,Saturday,41
Non Residential,Saturday,68
Outdoor Structure,Saturday,37
Outdoor,Saturday,34
Non Residential,Saturday,55
Non Residential,Saturday,62
Non Residential,Saturday,54
Road Vehicle,Saturday,25
Road Vehicle,Saturday,25
Non Residential,Saturday,61
Road Vehicle,Sunday,8
Dwelling,Sunday,183
Outdoor Structure,Sunday,16
Other Residential,Sunday,12
Non Residential,Sunday,40
Road Vehicle,Sunday,29
Road Vehicle,Sunday,29
Road Vehicle,Sunday,29
Non Residential,Sunday,29
Dwelling,Sunday,166
Other Residential,Sunday,17
Other Residential,Sunday,11
Non Residential,Sunday,40
Dwelling,Sunday,184
Non Residential,Sunday,46
Road Vehicle,Sunday,29
Road Vehicle,Sunday,17
Dwelling,Sunday,141
Road Vehicle,Sunday,12
Dwelling,Sunday,183
Outdoor,Sunday,30
Dwelling,Sunday,182
Road Vehicle,Sunday,16
Road Vehicle,Sunday,12
Dwelling,Sunday,182
Dwelling,Sunday,182
Other Residential,Sunday,16
Other Residential,Sunday,16
Non Residential,Sunday,46
Dwelling,Sunday,147
Dwelling,Sunday,165
Outdoor,Sunday,40
Non Residential,Sunday,30
Dwelling,Sunday,172
Dwelling,Sunday,183
Outdoor Structure,Sunday,16
Outdoor,Sunday,11
Outdoor Structure,Sunday,16
Outdoor Structure,Sunday,16
Outdoor Structure,Sunday,11
Other Residential,Sunday,16
Outdoor Structure,Sunday,8
Outdoor,Sunday,46
Outdoor Structure,Sunday,8
Dwelling,Sunday,145
Non Residential,Sunday,46
Non Residential,Sunday,28
Dwelling,Sunday,183
Dwelling,Sunday,137
Dwelling,Sunday,136
Outdoor,Sunday,11
Road Vehicle,Sunday,18
Road Vehicle,Sunday,12
Dwelling,Sunday,126
Road Vehicle,Sunday,18
Road Vehicle,Sunday,28
Outdoor,Sunday,18
Non Residential,Sunday,28
Non Residential,Sunday,47
Outdoor Structure,Sunday,18
Road Vehicle,Sunday,18
Outdoor Structure,Sunday,7
Dwelling,Sunday,113
Other Residential,Sunday,18
Other Residential,Sunday,18
Road Vehicle,Sunday,18
Outdoor Structure,Sunday,6
Outdoor Structure,Sunday,18
Road Vehicle,Sunday,18
Outdoor Structure,Sunday,18
Road Vehicle,Sunday,18
Other Residential,Sunday,6
Dwelling,Sunday,189
Dwelling,Sunday,189
Other Residential,Sunday,12
Other Residential,Sunday,18
Outdoor,Sunday,28
Dwelling,Sunday,188
Dwelling,Sunday,185
Road Vehicle,Sunday,17
Outdoor,Sunday,16
Other Residential,Sunday,8
Other Residential,Sunday,12
Other Residential,Sunday,17
Outdoor,Sunday,17
Outdoor Structure,Sunday,8
Dwelling,Sunday,169
Road Vehicle,Sunday,12
Non Residential,Sunday,28
Other Residential,Sunday,17
Outdoor Structure,Sunday,8
Other Residential,Sunday,17
Non Residential,Sunday,47
Outdoor Structure,Sunday,12
Dwelling,Sunday,167
Other Residential,Sunday,17
Other Residential,Sunday,18
Dwelling,Sunday,167
Dwelling,Sunday,186
Non Residential,Sunday,47
Outdoor Structure,Sunday,12
Non Residential,Sunday,47
Outdoor Structure,Sunday,7
Non Residential,Sunday,148
Outdoor Structure,Sunday,13
Road Vehicle,Sunday,16
Outdoor,Sunday,14
Road Vehicle,Sunday,13
Dwelling,Sunday,176
Dwelling,Sunday,162
Outdoor,Sunday,13
Non Residential,Sunday,32
Outdoor,Sunday,13
Outdoor Structure,Sunday,14
Outdoor,Sunday,42
Road Vehicle,Sunday,14
Outdoor,Sunday,14
Outdoor Structure,Sunday,14
Non Residential,Sunday,34
Non Residential,Sunday,62
Outdoor,Sunday,10
Other Residential,Sunday,13
Outdoor,Sunday,14
Road Vehicle,Sunday,10
Non Residential,Sunday,35
Outdoor Structure,Sunday,13
Outdoor,Sunday,31
Non Residential,Sunday,60
Other Residential,Sunday,14
Road Vehicle,Sunday,13
Non Residential,Sunday,60
Other Residential,Sunday,14
Outdoor Structure,Sunday,14
Outdoor,Sunday,10
Outdoor,Sunday,13
Other Residential,Sunday,13
Non Residential,Sunday,41
Other Residential,Sunday,13
Dwelling,Sunday,161
Non Residential,Sunday,34
Other Residential,Sunday,13
Outdoor Structure,Sunday,13
Outdoor,Sunday,34
Other Residential,Sunday,11
Non Residential,Sunday,60
Outdoor Structure,Sunday,14
Non Residential,Sunday,33
Outdoor,Sunday,33
Non Residential,Sunday,63
Other Residential,Sunday,25
Non Residential,Sunday,33
Dwelling,Sunday,162
Dwelling,Sunday,175
Outdoor Structure,Sunday,10
Outdoor,Sunday,33
Other Residential,Sunday,10
Dwelling,Sunday,159
Outdoor,Sunday,14
Outdoor,Sunday,42
Outdoor,Sunday,14
Outdoor,Sunday,35
Other Residential,Sunday,15
Other Residential,Sunday,13
Outdoor,Sunday,36
Other Residential,Sunday,11
Outdoor,Sunday,15
Dwelling,Sunday,151
Dwelling,Sunday,151
Road Vehicle,Sunday,15
Road Vehicle,Sunday,9
Outdoor Structure,Sunday,13
Other Residential,Sunday,9
Outdoor,Sunday,9
Outdoor Structure,Sunday,9
Outdoor,Sunday,30
Dwelling,Sunday,179
Outdoor Structure,Sunday,9
Outdoor,Sunday,36
Outdoor,Sunday,30
Non Residential,Sunday,40
Road Vehicle,Sunday,16
Dwelling,Sunday,165
Dwelling,Sunday,180
Outdoor Structure,Sunday,11
Outdoor Structure,Sunday,36
Outdoor,Sunday,30
Road Vehicle,Sunday,16
Non Residential,Sunday,30
Other Residential,Sunday,13
Non Residential,Sunday,30
Non Residential,Sunday,36
Outdoor Structure,Sunday,15
Non Residential,Sunday,35
Other Residential,Sunday,15
Other Residential,Sunday,15
Outdoor,Sunday,31
Other Residential,Sunday,15
Outdoor Structure,Sunday,10
Dwelling,Sunday,154
Dwelling,Sunday,179
Road Vehicle,Sunday,15
Road Vehicle,Sunday,15
Non Residential,Sunday,44
Outdoor Structure,Sunday,11
Dwelling,Sunday,173
Non Residential,Sunday,41
Non Residential,Sunday,31
Outdoor Structure,Sunday,10
Dwelling,Sunday,153
Other Residential,Sunday,19
Non Residential,Sunday,44
Other Residential,Sunday,15
Outdoor Structure,Sunday,13
Outdoor Structure,Sunday,9
Dwelling,Sunday,179
Outdoor,Sunday,15
Outdoor,Sunday,31
Other Residential,Sunday,15
Road Vehicle,Sunday,15
Outdoor Structure,Sunday,8
Rail Vehicle,Sunday,1
Non Residential,Sunday,49
Road Vehicle,Sunday,20
Outdoor,Sunday,20
Outdoor Structure,Sunday,3
Road Vehicle,Sunday,25
Dwelling,Sunday,214
Other Residential,Sunday,22
Boat,Sunday,1
Non Residential,Sunday,49
Rail Vehicle,Sunday,2
Outdoor Structure,Sunday,2
Rail Vehicle,Sunday,2
Dwelling,Sunday,210
Other Residential,Sunday,22
Other Residential,Sunday,20
Outdoor,Sunday,22
Outdoor Structure,Sunday,22
Outdoor Structure,Sunday,22
Road Vehicle,Sunday,26
Rail Vehicle,Sunday,1
Other Residential,Sunday,26
Non Residential,Sunday,58
Other Residential,Sunday,23
Dwelling,Sunday,193
Outdoor Structure,Sunday,4
Other Residential,Sunday,19
Other Residential,Sunday,19
Outdoor,Sunday,4
Dwelling,Sunday,236
Non Residential,Sunday,53
Road Vehicle,Sunday,23
Road Vehicle,Sunday,25
Road Vehicle,Sunday,23
Dwelling,Sunday,225
Boat,Sunday,1
Non Residential,Sunday,25
Outdoor,Sunday,26
Outdoor,Sunday,22
Non Residential,Sunday,52
Dwelling,Sunday,198
Road Vehicle,Sunday,22
Outdoor,Sunday,21
Non Residential,Sunday,75
Road Vehicle,Sunday,21
Outdoor,Sunday,21
Non Residential,Sunday,51
Rail Vehicle,Sunday,1
Boat,Sunday,1
Road Vehicle,Sunday,21
Road Vehicle,Sunday,20
Boat,Sunday,1
Aircraft,Sunday,1
Boat,Sunday,1
Outdoor Structure,Sunday,21
Non Residential,Sunday,51
Non Residential,Sunday,51
Rail Vehicle,Sunday,1
Outdoor,Sunday,21
Dwelling,Sunday,199
Outdoor,Sunday,19
Boat,Sunday,1
Road Vehicle,Sunday,26
Non Residential,Sunday,57
Road Vehicle,Sunday,20
Rail Vehicle,Sunday,1
Boat,Sunday,1
Road Vehicle,Sunday,20
Outdoor,Sunday,22
Dwelling,Sunday,206
Outdoor,Sunday,21
Other Residential,Sunday,20
Non Residential,Sunday,52
Road Vehicle,Sunday,20
Outdoor Structure,Sunday,26
Other Residential,Sunday,20
Outdoor Structure,Sunday,21
Rail Vehicle,Sunday,1
Road Vehicle,Sunday,20
Outdoor Structure,Sunday,20
Outdoor,Sunday,20
Outdoor,Sunday,5
Outdoor Structure,Sunday,3
Outdoor Structure,Sunday,5
Non Residential,Sunday,24
Outdoor Structure,Sunday,5
Road Vehicle,Sunday,25
Road Vehicle,Sunday,24
Rail Vehicle,Sunday,1
Outdoor,Sunday,6
Road Vehicle,Sunday,24
Other Residential,Sunday,27
Aircraft,Sunday,1
Boat,Sunday,1
Dwelling,Sunday,189
Non Residential,Sunday,48
Non Residential,Sunday,65
Road Vehicle,Sunday,24
Dwelling,Sunday,801
Other Residential,Sunday,24
Outdoor Structure,Sunday,5
Other Residential,Sunday,27
Other Residential,Sunday,24
Outdoor,Sunday,24
Rail Vehicle,Sunday,1
Road Vehicle,Sunday,25
Road Vehicle,Sunday,24
Outdoor,Sunday,25
Other Residential,Sunday,19
Outdoor Structure,Sunday,27
Non Residential,Sunday,23
Outdoor Structure,Sunday,27
Boat,Thursday,1
Outdoor Structure,Thursday,10
Outdoor Structure,Thursday,14
Outdoor Structure,Thursday,12
Non Residential,Thursday,59
Non Residential,Thursday,61
Other Residential,Thursday,25
Dwelling,Thursday,155
Other Residential,Thursday,14
Outdoor,Thursday,22
Other Residential,Thursday,21
Outdoor Structure,Thursday,10
Non Residential,Thursday,60
Non Residential,Thursday,59
Dwelling,Thursday,171
Outdoor,Thursday,22
Dwelling,Thursday,157
Road Vehicle,Thursday,14
Other Residential,Thursday,24
Outdoor,Thursday,10
Outdoor Structure,Thursday,14
Non Residential,Thursday,52
Dwelling,Thursday,167
Non Residential,Thursday,74
Road Vehicle,Thursday,12
Dwelling,Thursday,166
Dwelling,Thursday,176
Rail Vehicle,Thursday,1
Outdoor Structure,Thursday,14
Outdoor Structure,Thursday,14
Outdoor Structure,Thursday,21
Outdoor,Thursday,14
Dwelling,Thursday,167
Outdoor,Thursday,14
Non Residential,Thursday,61
Other Residential,Thursday,12
Non Residential,Thursday,61
Outdoor Structure,Thursday,10
Non Residential,Thursday,68
Road Vehicle,Thursday,21
Aircraft,Thursday,1
Dwelling,Thursday,204
Non Residential,Thursday,38
Boat,Thursday,1
Road Vehicle,Thursday,11
Road Vehicle,Thursday,11
Boat,Thursday,1
Rail Vehicle,Thursday,1
Other Residential,Thursday,21
Non Residential,Thursday,76
Road Vehicle,Thursday,12
Outdoor,Thursday,15
Outdoor Structure,Thursday,9
Rail Vehicle,Thursday,1
Outdoor,Thursday,10
Road Vehicle,Thursday,31
Road Vehicle,Thursday,10
Outdoor,Thursday,10
Road Vehicle,Thursday,15
Dwelling,Thursday,176
Other Residential,Thursday,15
Dwelling,Thursday,178
Boat,Thursday,1
Other Residential,Thursday,15
Outdoor Structure,Thursday,15
Dwelling,Thursday,178
Outdoor Structure,Thursday,11
Other Residential,Thursday,11
Dwelling,Thursday,155
Other Residential,Thursday,12
Other Residential,Thursday,21
Non Residential,Thursday,75
Other Residential,Thursday,10
Outdoor,Thursday,37
Outdoor,Thursday,12
Other Residential,Thursday,15
Other Residential,Thursday,15
Other Residential,Thursday,15
Dwelling,Thursday,207
Outdoor,Thursday,10
Rail Vehicle,Thursday,1
Non Residential,Thursday,71
Outdoor Structure,Thursday,24
Road Vehicle,Thursday,13
Road Vehicle,Thursday,11
Other Residential,Thursday,23
Outdoor Structure,Thursday,13
Outdoor Structure,Thursday,13
Outdoor,Thursday,41
Road Vehicle,Thursday,13
Road Vehicle,Thursday,23
Non Residential,Thursday,71
Other Residential,Thursday,13
Outdoor,Thursday,34
Outdoor,Thursday,23
Non Residential,Thursday,55
Non Residential,Thursday,69
Non Residential,Thursday,53
Outdoor Structure,Thursday,13
Non Residential,Thursday,72
Outdoor Structure,Thursday,13
Rail Vehicle,Thursday,1
Outdoor Structure,Thursday,11
Outdoor Structure,Thursday,13
Outdoor,Thursday,11
Dwelling,Thursday,174
Other Residential,Thursday,11
Other Residential,Thursday,23
Road Vehicle,Thursday,13
Other Residential,Thursday,13
Rail Vehicle,Thursday,1
Dwelling,Thursday,163
Other Residential,Thursday,13
Rail Vehicle,Thursday,1
Dwelling,Thursday,164
Non Residential,Thursday,41
Non Residential,Thursday,56
Outdoor Structure,Thursday,13
Road Vehicle,Thursday,11
Road Vehicle,Thursday,24
Outdoor,Thursday,23
Rail Vehicle,Thursday,1
Rail Vehicle,Thursday,1
Dwelling,Thursday,163
Road Vehicle,Thursday,11
Road Vehicle,Thursday,11
Road Vehicle,Thursday,24
Outdoor,Thursday,13
Non Residential,Thursday,73
Rail Vehicle,Thursday,1
Dwelling,Thursday,159
Rail Vehicle,Thursday,1
Outdoor Structure,Thursday,14
Non Residential,Thursday,67
Boat,Thursday,1
Dwelling,Thursday,176
Other Residential,Thursday,12
Other Residential,Thursday,11
Non Residential,Thursday,60
Outdoor Structure,Thursday,10
Non Residential,Thursday,73
Dwelling,Thursday,166
Dwelling,Thursday,174
Non Residential,Thursday,37
Road Vehicle,Thursday,22
Dwelling,Thursday,159
Dwelling,Thursday,166
Non Residential,Thursday,52
Non Residential,Thursday,63
Outdoor,Thursday,14
Road Vehicle,Thursday,12
Other Residential,Thursday,14
Outdoor Structure,Thursday,13
Outdoor,Thursday,10
Outdoor,Thursday,13
Boat,Thursday,1
Boat,Thursday,1
Road Vehicle,Thursday,14
Non Residential,Thursday,54
Outdoor,Thursday,33
Outdoor Structure,Thursday,14
Road Vehicle,Thursday,22
Outdoor Structure,Thursday,11
Outdoor,Thursday,22
Other Residential,Thursday,14
Non Residential,Thursday,62
Dwelling,Thursday,160
Outdoor Structure,Thursday,22
Outdoor Structure,Thursday,11
Outdoor,Thursday,14
Dwelling,Thursday,160
Outdoor,Thursday,12
Rail Vehicle,Thursday,1
Outdoor Structure,Thursday,15
Road Vehicle,Thursday,19
Road Vehicle,Thursday,17
Non Residential,Thursday,48
Other Residential,Thursday,20
Other Residential,Thursday,19
Outdoor,Thursday,20
Non Residential,Thursday,80
Outdoor Structure,Thursday,18
Outdoor,Thursday,17
Other Residential,Thursday,8
Other Residential,Thursday,17
Dwelling,Thursday,140
Outdoor Structure,Thursday,8
Dwelling,Thursday,139
Outdoor,Thursday,20
Road Vehicle,Thursday,20
Outdoor Structure,Thursday,7
Road Vehicle,Thursday,17
Dwelling,Thursday,138
Dwelling,Thursday,184
Non Residential,Thursday,80
Outdoor,Thursday,17
Other Residential,Thursday,17
Non Residential,Thursday,58
Outdoor,Thursday,30
Road Vehicle,Thursday,27
Dwelling,Thursday,192
Outdoor,Thursday,18
Other Residential,Thursday,27
Road Vehicle,Thursday,20
Road Vehicle,Thursday,28
Dwelling,Thursday,127
Non Residential,Thursday,59
Dwelling,Thursday,189
Outdoor Structure,Thursday,8
Non Residential,Thursday,66
Outdoor,Thursday,16
Road Vehicle,Thursday,18
Other Residential,Thursday,18
Other Residential,Thursday,8
Other Residential,Thursday,18
Other Residential,Thursday,7
Road Vehicle,Thursday,18
Other Residential,Thursday,17
Other Residential,Thursday,16
Outdoor Structure,Thursday,19
Non Residential,Thursday,49
Non Residential,Thursday,81
Dwelling,Thursday,134
Non Residential,Thursday,49
Other Residential,Thursday,19
Dwelling,Thursday,193
Dwelling,Thursday,186
Road Vehicle,Thursday,18
Non Residential,Thursday,83
Outdoor Structure,Thursday,8
Non Residential,Thursday,65
Other Residential,Thursday,19
Outdoor Structure,Thursday,7
Dwelling,Thursday,126
Road Vehicle,Thursday,17
Non Residential,Thursday,64
Road Vehicle,Thursday,26
Non Residential,Thursday,83
Road Vehicle,Thursday,19
Road Vehicle,Thursday,17
Other Residential,Thursday,19
Outdoor Structure,Thursday,8
Outdoor Structure,Thursday,4
Dwelling,Thursday,123
Road Vehicle,Thursday,18
Outdoor Structure,Thursday,3
Road Vehicle,Thursday,19
Road Vehicle,Thursday,19
Dwelling,Thursday,188
Road Vehicle,Thursday,19
Other Residential,Thursday,17
Other Residential,Thursday,17
Outdoor,Thursday,17
Non Residential,Thursday,66
Dwelling,Thursday,137
Other Residential,Thursday,18
Non Residential,Thursday,81
Outdoor Structure,Thursday,7
Outdoor Structure,Thursday,17
Non Residential,Thursday,64
Dwelling,Thursday,186
Outdoor,Thursday,28
Other Residential,Thursday,9
Outdoor Structure,Thursday,20
Outdoor,Thursday,16
Dwelling,Thursday,188
Other Residential,Thursday,6
Outdoor,Thursday,20
Outdoor Structure,Thursday,6
Outdoor Structure,Thursday,18
Dwelling,Thursday,151
Outdoor,Thursday,18
Road Vehicle,Thursday,30
Outdoor,Thursday,15
Non Residential,Thursday,77
Road Vehicle,Thursday,20
Road Vehicle,Thursday,16
Dwelling,Thursday,148
Outdoor,Thursday,19
Non Residential,Thursday,92
Other Residential,Thursday,20
Outdoor,Thursday,15
Non Residential,Thursday,50
Outdoor Structure,Thursday,9
Dwelling,Thursday,179
Other Residential,Thursday,19
Outdoor,Thursday,15
Rail Vehicle,Thursday,1
Outdoor,Thursday,9
Rail Vehicle,Thursday,1
Road Vehicle,Thursday,19
Non Residential,Thursday,92
Rail Vehicle,Thursday,1
Non Residential,Thursday,45
Outdoor Structure,Thursday,9
Outdoor,Thursday,9
Outdoor Structure,Thursday,9
Outdoor Structure,Thursday,18
Rail Vehicle,Thursday,1
Boat,Thursday,1
Dwelling,Thursday,149
Other Residential,Thursday,19
Outdoor,Thursday,15
Dwelling,Thursday,182
Outdoor,Thursday,20
Outdoor,Thursday,26
Outdoor Structure,Thursday,9
Outdoor,Thursday,16
Outdoor Structure,Thursday,6
Outdoor Structure,Thursday,6
Dwelling,Thursday,146
Outdoor,Thursday,16
Outdoor Structure,Thursday,6
Dwelling,Thursday,146
Other Residential,Thursday,16
Other Residential,Thursday,16
Outdoor Structure,Thursday,6
Non Residential,Thursday,50
Non Residential,Thursday,66
Dwelling,Thursday,151
Other Residential,Thursday,16
Road Vehicle,Thursday,20
Dwelling,Thursday,147
Dwelling,Thursday,151
Rail Vehicle,Thursday,1
Outdoor,Thursday,20
Road Vehicle,Thursday,19
Outdoor,Thursday,20
Road Vehicle,Thursday,19
Road Vehicle,Thursday,30
Road Vehicle,Thursday,20
Road Vehicle,Thursday,16
Outdoor,Thursday,19
Other Residential,Thursday,15
Outdoor,Thursday,19
Dwelling,Thursday,151
Boat,Thursday,1
Road Vehicle,Thursday,15
Outdoor,Thursday,26
Non Residential,Tuesday,38
Outdoor,Tuesday,12
Non Residential,Tuesday,58
Dwelling,Tuesday,168
Outdoor Structure,Tuesday,5
Outdoor Structure,Tuesday,7
Non Residential,Tuesday,53
Outdoor Structure,Tuesday,7
Outdoor,Tuesday,11
Outdoor Structure,Tuesday,6
Outdoor Structure,Tuesday,6
Outdoor Structure,Tuesday,6
Non Residential,Tuesday,40
Outdoor Structure,Tuesday,6
Non Residential,Tuesday,40
Dwelling,Tuesday,304
Outdoor Structure,Tuesday,6
Rail Vehicle,Tuesday,1
Outdoor Structure,Tuesday,6
Road Vehicle,Tuesday,11
Dwelling,Tuesday,170
Boat,Tuesday,1
Non Residential,Tuesday,54
Outdoor Structure,Tuesday,11
Dwelling,Tuesday,192
Dwelling,Tuesday,286
Boat,Tuesday,1
Other Residential,Tuesday,6
Outdoor Structure,Tuesday,11
Outdoor Structure,Tuesday,11
Rail Vehicle,Tuesday,1
Outdoor Structure,Tuesday,6
Dwelling,Tuesday,173
Outdoor Structure,Tuesday,5
Outdoor,Tuesday,11
Dwelling,Tuesday,173
Outdoor Structure,Tuesday,7
Other Residential,Tuesday,6
Non Residential,Tuesday,61
Aircraft,Tuesday,1
Boat,Tuesday,1
Other Residential,Tuesday,9
Outdoor Structure,Tuesday,9
Rail Vehicle,Tuesday,1
Rail Vehicle,Tuesday,1
Aircraft,Tuesday,1
Outdoor Structure,Tuesday,9
Road Vehicle,Tuesday,10
Rail Vehicle,Tuesday,1
Outdoor Structure,Tuesday,10
Road Vehicle,Tuesday,9
Boat,Tuesday,1
Rail Vehicle,Tuesday,1
Other Residential,Tuesday,8
Boat,Tuesday,2
Outdoor,Tuesday,8
Rail Vehicle,Tuesday,2
Rail Vehicle,Tuesday,2
Outdoor,Tuesday,8
Outdoor Structure,Tuesday,10
Road Vehicle,Tuesday,10
Rail Vehicle,Tuesday,2
Dwelling,Tuesday,177
Boat,Tuesday,1
Boat,Tuesday,1
Outdoor Structure,Tuesday,6
Road Vehicle,Tuesday,9
Dwelling,Tuesday,179
Outdoor Structure,Tuesday,9
Outdoor,Tuesday,44
Boat,Tuesday,1
Dwelling,Tuesday,179
Non Residential,Tuesday,45
Dwelling,Tuesday,205
Outdoor Structure,Tuesday,9
Rail Vehicle,Tuesday,1
Outdoor Structure,Tuesday,10
Non Residential,Tuesday,57
Rail Vehicle,Tuesday,1
Dwelling,Tuesday,180
Outdoor Structure,Tuesday,9
Dwelling,Tuesday,181
Non Residential,Tuesday,50
Non Residential,Tuesday,52
Non Residential,Tuesday,47
Road Vehicle,Tuesday,8
Rail Vehicle,Tuesday,1
Outdoor Structure,Tuesday,11
Other Residential,Tuesday,11
Dwelling,Tuesday,174
Outdoor,Tuesday,11
Non Residential,Tuesday,49
Outdoor,Tuesday,4
Dwelling,Tuesday,236
Outdoor Structure,Tuesday,8
Road Vehicle,Tuesday,8
Dwelling,Tuesday,195
Other Residential,Tuesday,8
Outdoor Structure,Tuesday,7
Dwelling,Tuesday,186
Other Residential,Tuesday,11
Outdoor,Tuesday,7
Road Vehicle,Tuesday,7
Rail Vehicle,Tuesday,1
Dwelling,Tuesday,187
Rail Vehicle,Tuesday,1
Outdoor,Tuesday,11
Non Residential,Tuesday,50
Non Residential,Tuesday,41
Outdoor Structure,Tuesday,11
Outdoor Structure,Tuesday,10
Dwelling,Tuesday,175
Outdoor Structure,Tuesday,8
Other Residential,Tuesday,8
Outdoor Structure,Tuesday,8
Non Residential,Tuesday,42
Outdoor Structure,Tuesday,8
Road Vehicle,Tuesday,8
Dwelling,Tuesday,210
Boat,Tuesday,3
Outdoor,Tuesday,10
Other Residential,Tuesday,10
Boat,Tuesday,1
Other Residential,Tuesday,8
Rail Vehicle,Tuesday,1
Outdoor Structure,Tuesday,8
Other Residential,Tuesday,10
Other Residential,Tuesday,8
Dwelling,Tuesday,174
Outdoor Structure,Tuesday,4
Other Residential,Tuesday,12
Non Residential,Tuesday,68
Outdoor,Tuesday,28
Outdoor,Tuesday,18
Outdoor Structure,Tuesday,18
Other Residential,Tuesday,18
Outdoor Structure,Tuesday,17
Other Residential,Tuesday,17
Other Residential,Tuesday,17
Outdoor Structure,Tuesday,17
Non Residential,Tuesday,64
Dwelling,Tuesday,135
Dwelling,Tuesday,135
Road Vehicle,Tuesday,17
Dwelling,Tuesday,135
Outdoor,Tuesday,17
Dwelling,Tuesday,137
Other Residential,Tuesday,17
Other Residential,Tuesday,18
Dwelling,Tuesday,127
Outdoor,Tuesday,18
Outdoor,Tuesday,28
Outdoor,Tuesday,19
Outdoor,Tuesday,19
Non Residential,Tuesday,65
Other Residential,Tuesday,19
Non Residential,Tuesday,92
Road Vehicle,Tuesday,18
Other Residential,Tuesday,18
Dwelling,Tuesday,138
Other Residential,Tuesday,18
Non Residential,Tuesday,97
Outdoor,Tuesday,18
Non Residential,Tuesday,98
Non Residential,Tuesday,104
Non Residential,Tuesday,117
Outdoor,Tuesday,28
Road Vehicle,Tuesday,28
Road Vehicle,Tuesday,18
Outdoor,Tuesday,19
Outdoor,Tuesday,17
Dwelling,Tuesday,142
Other Residential,Tuesday,16
Other Residential,Tuesday,16
Dwelling,Tuesday,149
Other Residential,Tuesday,16
Outdoor,Tuesday,30
Other Residential,Tuesday,15
Dwelling,Tuesday,150
Other Residential,Tuesday,15
Dwelling,Tuesday,150
Other Residential,Tuesday,15
Outdoor,Tuesday,15
Outdoor,Tuesday,31
Road Vehicle,Tuesday,15
Road Vehicle,Tuesday,15
Outdoor,Tuesday,15
Outdoor Structure,Tuesday,16
Dwelling,Tuesday,147
Other Residential,Tuesday,16
Road Vehicle,Tuesday,30
Road Vehicle,Tuesday,17
Outdoor,Tuesday,17
Other Residential,Tuesday,16
Road Vehicle,Tuesday,16
Outdoor,Tuesday,16
Dwelling,Tuesday,142
Dwelling,Tuesday,143
Dwelling,Tuesday,139
Road Vehicle,Tuesday,16
Other Residential,Tuesday,16
Other Residential,Tuesday,16
Dwelling,Tuesday,146
Dwelling,Tuesday,146
Other Residential,Tuesday,16
Road Vehicle,Tuesday,16
Other Residential,Tuesday,16
Other Residential,Tuesday,16
Dwelling,Tuesday,152
Road Vehicle,Tuesday,19
Road Vehicle,Tuesday,19
Outdoor,Tuesday,23
Outdoor,Tuesday,22
Non Residential,Tuesday,72
Non Residential,Tuesday,72
Road Vehicle,Tuesday,25
Non Residential,Tuesday,73
Other Residential,Tuesday,22
Outdoor,Tuesday,22
Road Vehicle,Tuesday,22
Other Residential,Tuesday,22
Outdoor,Tuesday,22
Road Vehicle,Tuesday,22
Outdoor Structure,Tuesday,22
Road Vehicle,Tuesday,21
Outdoor Structure,Tuesday,21
Outdoor,Tuesday,23
Outdoor Structure,Tuesday,23
Outdoor,Tuesday,25
Road Vehicle,Tuesday,23
Road Vehicle,Tuesday,25
Non Residential,Tuesday,68
Road Vehicle,Tuesday,24
Non Residential,Tuesday,69
Road Vehicle,Tuesday,24
Non Residential,Tuesday,69
Non Residential,Tuesday,69
Other Residential,Tuesday,21
Other Residential,Tuesday,24
Road Vehicle,Tuesday,24
Road Vehicle,Tuesday,24
Outdoor,Tuesday,24
Non Residential,Tuesday,69
Road Vehicle,Tuesday,25
Other Residential,Tuesday,23
Non Residential,Tuesday,70
Outdoor,Tuesday,24
Non Residential,Tuesday,86
Other Residential,Tuesday,21
Outdoor,Tuesday,21
Non Residential,Tuesday,79
Road Vehicle,Tuesday,26
Other Residential,Tuesday,20
Outdoor,Tuesday,26
Road Vehicle,Tuesday,26
Non Residential,Tuesday,80
Road Vehicle,Tuesday,20
Other Residential,Tuesday,20
Other Residential,Tuesday,20
Road Vehicle,Tuesday,20
Non Residential,Tuesday,65
Non Residential,Tuesday,83
Road Vehicle,Tuesday,19
Other Residential,Tuesday,19
Non Residential,Tuesday,65
Outdoor Structure,Tuesday,20
Road Vehicle,Tuesday,20
Other Residential,Tuesday,20
Road Vehicle,Tuesday,20
Road Vehicle,Tuesday,21
Non Residential,Tuesday,75
Road Vehicle,Tuesday,21
Outdoor Structure,Tuesday,21
Outdoor Structure,Tuesday,21
Non Residential,Tuesday,75
Road Vehicle,Tuesday,21
Road Vehicle,Tuesday,21
Outdoor,Tuesday,21
Other Residential,Tuesday,20
Non Residential,Tuesday,77
Road Vehicle,Tuesday,20
Non Residential,Tuesday,77
Non Residential,Tuesday,77
Other Residential,Tuesday,20
Non Residential,Tuesday,78
Non Residential,Tuesday,77
Outdoor,Tuesday,31
Non Residential,Tuesday,54
Outdoor,Tuesday,12
Dwelling,Tuesday,166
Road Vehicle,Tuesday,13
Other Residential,Tuesday,13
Road Vehicle,Tuesday,13
Outdoor,Tuesday,14
Dwelling,Tuesday,157
Road Vehicle,Tuesday,12
Outdoor Structure,Tuesday,14
Non Residential,Tuesday,64
Road Vehicle,Tuesday,14
Outdoor,Tuesday,12
Non Residential,Tuesday,37
Outdoor Structure,Tuesday,12
Outdoor Structure,Tuesday,12
Outdoor Structure,Tuesday,13
Dwelling,Tuesday,160
Dwelling,Tuesday,164
Dwelling,Tuesday,157
Outdoor Structure,Tuesday,14
Outdoor Structure,Tuesday,12
Non Residential,Tuesday,63
Dwelling,Tuesday,160
Other Residential,Tuesday,14
Road Vehicle,Tuesday,14
Outdoor,Tuesday,14
Outdoor Structure,Tuesday,14
Dwelling,Tuesday,165
Dwelling,Tuesday,165
Non Residential,Tuesday,36
Other Residential,Tuesday,14
Dwelling,Tuesday,165
Other Residential,Tuesday,13
Other Residential,Tuesday,13
Dwelling,Tuesday,157
Outdoor,Tuesday,36
Outdoor,Tuesday,15
Outdoor,Tuesday,12
Outdoor,Tuesday,15
Dwelling,Tuesday,167
Road Vehicle,Tuesday,13
Outdoor,Tuesday,12
Non Residential,Tuesday,61
Outdoor Structure,Tuesday,15
Dwelling,Tuesday,168
Dwelling,Tuesday,155
Outdoor,Tuesday,13
Outdoor,Tuesday,35
Dwelling,Tuesday,168
Road Vehicle,Tuesday,38
Outdoor,Tuesday,15
Road Vehicle,Wednesday,20
Other Residential,Wednesday,13
Outdoor,Wednesday,20
Outdoor Structure,Wednesday,21
Outdoor,Wednesday,20
Boat,Wednesday,1
Non Residential,Wednesday,66
Road Vehicle,Wednesday,21
Non Residential,Wednesday,51
Road Vehicle,Wednesday,20
Road Vehicle,Wednesday,26
Road Vehicle,Wednesday,21
Other Residential,Wednesday,21
Aircraft,Wednesday,1
Outdoor Structure,Wednesday,11
Other Residential,Wednesday,19
Road Vehicle,Wednesday,19
Road Vehicle,Wednesday,20
Other Residential,Wednesday,19
Boat,Wednesday,1
Outdoor Structure,Wednesday,4
Other Residential,Wednesday,13
Non Residential,Wednesday,77
Non Residential,Wednesday,77
Road Vehicle,Wednesday,12
Boat,Wednesday,1
Outdoor,Wednesday,11
Non Residential,Wednesday,81
Outdoor,Wednesday,19
Aircraft,Wednesday,2
Outdoor Structure,Wednesday,11
Rail Vehicle,Wednesday,3
Boat,Wednesday,1
Aircraft,Wednesday,1
Non Residential,Wednesday,50
Non Residential,Wednesday,78
Road Vehicle,Wednesday,26
Non Residential,Wednesday,50
Non Residential,Wednesday,79
Other Residential,Wednesday,20
Road Vehicle,Wednesday,20
Outdoor,Wednesday,36
Boat,Wednesday,1
Rail Vehicle,Wednesday,2
Other Residential,Wednesday,13
Dwelling,Wednesday,198
Dwelling,Wednesday,174
Other Residential,Wednesday,11
Road Vehicle,Wednesday,20
Non Residential,Wednesday,50
Non Residential,Wednesday,76
Rail Vehicle,Wednesday,2
Dwelling,Wednesday,196
Outdoor,Wednesday,13
Dwelling,Wednesday,197
Non Residential,Wednesday,49
Outdoor Structure,Wednesday,20
Other Residential,Wednesday,13
Outdoor,Wednesday,26
Aircraft,Wednesday,1
Outdoor,Wednesday,20
Dwelling,Wednesday,164
Aircraft,Wednesday,1
Other Residential,Wednesday,11
Dwelling,Wednesday,164
Rail Vehicle,Wednesday,1
Other Residential,Wednesday,13
Non Residential,Wednesday,77
Other Residential,Wednesday,10
Outdoor Structure,Wednesday,21
Dwelling,Wednesday,202
Outdoor,Wednesday,25
Road Vehicle,Wednesday,24
Non Residential,Wednesday,53
Outdoor,Wednesday,23
Outdoor Structure,Wednesday,12
Non Residential,Wednesday,55
Non Residential,Wednesday,67
Dwelling,Wednesday,257
Boat,Wednesday,1
Road Vehicle,Wednesday,25
Road Vehicle,Wednesday,23
Non Residential,Wednesday,53
Non Residential,Wednesday,67
Outdoor Structure,Wednesday,12
Road Vehicle,Wednesday,25
Non Residential,Wednesday,71
Non Residential,Wednesday,23
Boat,Wednesday,1
Road Vehicle,Wednesday,24
Outdoor Structure,Wednesday,24
Outdoor,Wednesday,24
Road Vehicle,Wednesday,25
Non Residential,Wednesday,54
Boat,Wednesday,1
Non Residential,Wednesday,68
Other Residential,Wednesday,12
Non Residential,Wednesday,54
Outdoor,Wednesday,12
Rail Vehicle,Wednesday,1
Outdoor,Wednesday,23
Road Vehicle,Wednesday,12
Non Residential,Wednesday,61
Outdoor,Wednesday,12
Other Residential,Wednesday,12
Boat,Wednesday,1
Other Residential,Wednesday,12
Boat,Wednesday,1
Road Vehicle,Wednesday,11
Non Residential,Wednesday,67
Other Residential,Wednesday,12
Non Residential,Wednesday,72
Outdoor Structure,Wednesday,11
Outdoor,Wednesday,23
Non Residential,Wednesday,74
Other Residential,Wednesday,22
Other Residential,Wednesday,11
Other Residential,Wednesday,21
Outdoor,Wednesday,21
Road Vehicle,Wednesday,19
Other Residential,Wednesday,11
Road Vehicle,Wednesday,21
Other Residential,Wednesday,22
Non Residential,Wednesday,51
Outdoor Structure,Wednesday,12
Outdoor Structure,Wednesday,11
Other Residential,Wednesday,11
Non Residential,Wednesday,75
Non Residential,Wednesday,67
Outdoor,Wednesday,26
Dwelling,Wednesday,173
Non Residential,Wednesday,40
Road Vehicle,Wednesday,21
Non Residential,Wednesday,51
Boat,Wednesday,1
Rail Vehicle,Wednesday,1
Outdoor Structure,Wednesday,23
Boat,Wednesday,1
Boat,Wednesday,1
Other Residential,Wednesday,12
Outdoor,Wednesday,22
Road Vehicle,Wednesday,22
Outdoor,Wednesday,22
Other Residential,Wednesday,11
Dwelling,Wednesday,165
Other Residential,Wednesday,11
Other Residential,Wednesday,12
Rail Vehicle,Wednesday,1
Rail Vehicle,Wednesday,1
Outdoor Structure,Wednesday,12
Non Residential,Wednesday,52
Outdoor Structure,Wednesday,11
Boat,Wednesday,1
Outdoor,Wednesday,22
Aircraft,Wednesday,1
Non Residential,Wednesday,82
Outdoor,Wednesday,41
Road Vehicle,Wednesday,4
Outdoor Structure,Wednesday,14
Dwelling,Wednesday,143
Dwelling,Wednesday,177
Dwelling,Wednesday,146
Outdoor Structure,Wednesday,8
Other Residential,Wednesday,16
Outdoor,Wednesday,14
Other Residential,Wednesday,16
Dwelling,Wednesday,182
Road Vehicle,Wednesday,16
Outdoor,Wednesday,10
Dwelling,Wednesday,156
Other Residential,Wednesday,16
Other Residential,Wednesday,14
Other Residential,Wednesday,16
Dwelling,Wednesday,147
Road Vehicle,Wednesday,14
Non Residential,Wednesday,59
Outdoor Structure,Wednesday,9
Road Vehicle,Wednesday,16
Road Vehicle,Wednesday,9
Outdoor,Wednesday,16
Dwelling,Wednesday,176
Other Residential,Wednesday,17
Outdoor,Wednesday,17
Road Vehicle,Wednesday,32
Dwelling,Wednesday,137
Other Residential,Wednesday,14
Dwelling,Wednesday,185
Outdoor,Wednesday,10
Dwelling,Wednesday,139
Dwelling,Wednesday,139
Road Vehicle,Wednesday,17
Outdoor,Wednesday,29
Road Vehicle,Wednesday,8
Non Residential,Wednesday,64
Road Vehicle,Wednesday,29
Dwelling,Wednesday,157
Road Vehicle,Wednesday,14
Dwelling,Wednesday,176
Other Residential,Wednesday,10
Outdoor,Wednesday,16
Other Residential,Wednesday,8
Outdoor Structure,Wednesday,10
Dwelling,Wednesday,155
Dwelling,Wednesday,155
Outdoor,Wednesday,9
Road Vehicle,Wednesday,9
Outdoor Structure,Wednesday,9
Outdoor,Wednesday,9
Outdoor Structure,Wednesday,10
Road Vehicle,Wednesday,15
Dwelling,Wednesday,179
Other Residential,Wednesday,15
Dwelling,Wednesday,154
Road Vehicle,Wednesday,15
Road Vehicle,Wednesday,15
Dwelling,Wednesday,152
Road Vehicle,Wednesday,15
Outdoor,Wednesday,15
Dwelling,Wednesday,152
Outdoor Structure,Wednesday,15
Outdoor,Wednesday,10
Other Residential,Wednesday,10
Outdoor Structure,Wednesday,15
Outdoor Structure,Wednesday,10
Outdoor Structure,Wednesday,16
Other Residential,Wednesday,15
Other Residential,Wednesday,15
Dwelling,Wednesday,148
Road Vehicle,Wednesday,9
Dwelling,Wednesday,148
Outdoor,Wednesday,10
Dwelling,Wednesday,181
Road Vehicle,Wednesday,16
Road Vehicle,Wednesday,30
Dwelling,Wednesday,148
Outdoor Structure,Wednesday,9
Other Residential,Wednesday,10
Outdoor,Wednesday,16
Non Residential,Wednesday,59
Other Residential,Wednesday,15
Outdoor Structure,Wednesday,15
Outdoor Structure,Wednesday,15
Outdoor Structure,Wednesday,9
Non Residential,Wednesday,45
Outdoor Structure,Wednesday,9
Dwelling,Wednesday,178
Road Vehicle,Wednesday,15
Outdoor,Wednesday,8
Dwelling,Wednesday,135
Road Vehicle,Wednesday,14
Outdoor,Wednesday,13
Outdoor,Wednesday,13
Non Residential,Wednesday,86
Outdoor Structure,Wednesday,19
Dwelling,Wednesday,191
Road Vehicle,Wednesday,19
Outdoor Structure,Wednesday,6
Outdoor,Wednesday,34
Non Residential,Wednesday,92
Other Residential,Wednesday,19
Outdoor Structure,Wednesday,13
Other Residential,Wednesday,19
Outdoor,Wednesday,6
Outdoor Structure,Wednesday,6
Outdoor,Wednesday,6
Dwelling,Wednesday,161
Other Residential,Wednesday,11
Non Residential,Wednesday,65
Outdoor Structure,Wednesday,6
Outdoor,Wednesday,19
Other Residential,Wednesday,18
Outdoor Structure,Wednesday,13
Outdoor Structure,Wednesday,5
Other Residential,Wednesday,19
Outdoor,Wednesday,13
Outdoor Structure,Wednesday,4
Non Residential,Wednesday,49
Other Residential,Wednesday,13
Other Residential,Wednesday,19
Outdoor Structure,Wednesday,13
Road Vehicle,Wednesday,19
Outdoor Structure,Wednesday,5
Outdoor Structure,Wednesday,15
Outdoor Structure,Wednesday,5
Other Residential,Wednesday,19
Outdoor Structure,Wednesday,5
Dwelling,Wednesday,163
Non Residential,Wednesday,84
Dwelling,Wednesday,162
Outdoor Structure,Wednesday,13
Other Residential,Wednesday,13
Non Residential,Wednesday,48
Outdoor Structure,Wednesday,5
Dwelling,Wednesday,189
Road Vehicle,Wednesday,27
Dwelling,Wednesday,174
Outdoor,Wednesday,14
Dwelling,Wednesday,159
Non Residential,Wednesday,64
Non Residential,Wednesday,64
Outdoor Structure,Wednesday,14
Outdoor Structure,Wednesday,7
Dwelling,Wednesday,132
Outdoor,Wednesday,7
Dwelling,Wednesday,132
Non Residential,Wednesday,42
Dwelling,Wednesday,168
Non Residential,Wednesday,64
Dwelling,Wednesday,133
Dwelling,Wednesday,134
Outdoor,Wednesday,14
Outdoor,Wednesday,14
Outdoor Structure,Wednesday,8
Outdoor,Wednesday,17
Outdoor Structure,Wednesday,14
Dwelling,Wednesday,159
Road Vehicle,Wednesday,18
Outdoor,Wednesday,18
Other Residential,Wednesday,14
Outdoor,Wednesday,27
Road Vehicle,Wednesday,13
Outdoor Structure,Wednesday,6
Outdoor,Wednesday,27
Dwelling,Wednesday,161
Outdoor Structure,Wednesday,6
Road Vehicle,Wednesday,6
Non Residential,Wednesday,65
Non Residential,Wednesday,47
Rail Vehicle,Wednesday,1
Non Residential,Wednesday,102
Non Residential,Wednesday,65
Outdoor,Wednesday,7
Outdoor Structure,Wednesday,18
Road Vehicle,Wednesday,18
Dwelling,Wednesday,188
Other Residential,Wednesday,7
Road Vehicle,Wednesday,28
Dwelling,Wednesday,124
Outdoor,Wednesday,14
Road Vehicle,Wednesday,13
Dwelling,Wednesday,168
